,Video URL,Video Type,Selling Point,Hook Type,Price Range,Category,Price Range Labels
0,,,,,,,
1,https://www.tiktok.com/@iidaazhari/video/7289382718348070152,Show Face,Sell Benefit,Question,0,Food Beverage,Less than $50
2,https://www.tiktok.com/@notyourtaste55/video/7287788084412878081,Faceless,Sell Why,Review Feedback,0,Health Wellness,Less than $50
3,https://www.tiktok.com/@syiedaaa/video/7293560951721184519,Show Face,Sell Benefit,Question,0,Clothing,Less than $50
4,https://www.tiktok.com/@gummybear.my/video/7290574787502509319,Faceless,Sell Benefit,Review Feedback,50,Health Wellness,Between $50 and $100
5,https://www.tiktok.com/@foodielista.hq/video/7291932392019741954,Faceless,Sell How To,Question,0,Food Beverage,Less than $50
6,https://www.tiktok.com/@itsmeaisyah__/video/7295692189206613256,Show Face,Sell Benefit,Review Feedback,0,Food Beverage,Less than $50
7,https://www.tiktok.com/@s.sharah/video/7301634896382987538,Show Face,Sell Benefit,Review Feedback,0,Food Beverage,Less than $50
8,https://www.tiktok.com/@emydriedfood2/video/7281139852622466306,Faceless,Sell Benefit,Review Feedback,0,Food Beverage,Less than $50
9,https://www.tiktok.com/@amiza1985/video/7292676949762215176,Show Face,Sell Benefit,Review Feedback,0,Health Wellness,Less than $50
10,https://www.tiktok.com/@datoserividaofficial/video/7285565478485904642,Show Face,Sell Benefit,Question,0,Food Beverage,Less than $50
11,https://www.tiktok.com/@sallehfoodbynadia/video/7296780721413262610,Show Face,Sell Benefit,Question,0,Food Beverage,Less than $50
12,https://www.tiktok.com/@nhidayatica/video/7264037066986540290,Show Face,Sell Benefit,Review Feedback,0,Food Beverage,Less than $50
13,https://www.tiktok.com/@rajamurshidatul/video/7291602493128117505,Faceless,Sell Benefit,Review Feedback,0,Food Beverage,Less than $50
14,https://www.tiktok.com/@farisreview/video/7300915875257814274,Show Face,Sell Why,Review Feedback,0,Food Beverage,Less than $50
15,https://www.tiktok.com/@papa.red23/video/7293098948800089362,Show Face,Sell Benefit,Review Feedback,0,Food Beverage,Less than $50
16,https://www.tiktok.com/@datoserividaofficial/video/7298665473862929682,Show Face,Sell Benefit,Question,0,Food Beverage,Less than $50
17,https://www.tiktok.com/@papa.red23/video/7290842004026658066,Show Face,Sell Benefit,Review Feedback,0,Food Beverage,Less than $50
18,https://www.tiktok.com/@sipeanutshahalam11/video/7284569870274972936,Show Face,Sell Why,Question,0,Food Beverage,Less than $50
19,https://www.tiktok.com/@lalisuryainimohdali/video/7291560503338355969,Faceless,Sell Benefit,Review Feedback,0,Food Beverage,Less than $50
20,https://www.tiktok.com/@nutri_lavish/video/7297453026942487815,Show Face,Sell Benefit,Review Feedback,50,Health Wellness,Between $50 and $100
21,https://www.tiktok.com/@ayie.piah/video/7285238258177543431,Show Face,Sell Why,Review Feedback,0,Food Beverage,Less than $50
22,https://www.tiktok.com/@fatihamazlan1997/video/7297890505738784007,Show Face,Sell Benefit,Review Feedback,0,Food Beverage,Less than $50
23,https://www.tiktok.com/@miaazahar/video/7304307023737376007,Show Face,Sell Why,Review Feedback,0,Food Beverage,Less than $50
24,https://www.tiktok.com/@nubhan86/video/7304879802408881409,Show Face,Sell Why,Review Feedback,0,Food Beverage,Less than $50
25,https://www.tiktok.com/@dynieee._/video/7282276030432251144,Show Face,Sell How To,Review Feedback,0,Food Beverage,Less than $50
26,https://www.tiktok.com/@dz4rr.04/video/7291134916341861650,Faceless,Sell Benefit,Review Feedback,0,Food Beverage,Less than $50
27,https://www.tiktok.com/@nrlfrhs/video/7294919652579233025,Show Face,Sell Benefit,Review Feedback,0,Food Beverage,Less than $50
28,https://www.tiktok.com/@wonderfood_888/video/7283038659358575879,Show Face,Sell How To,Review Feedback,0,Food Beverage,Less than $50
29,https://www.tiktok.com/@imanmulamemasak/video/7301256862081584402,Show Face,Sell How To,Review Feedback,0,Food Beverage,Less than $50
30,https://www.tiktok.com/@amiza1985/video/7294471113856371976,Show Face,Sell How To,Review Feedback,0,Health Wellness,Less than $50
31,https://www.tiktok.com/@sipeanutshahalam11/video/7284617375046028551,Show Face,Sell Benefit,Review Feedback,0,Food Beverage,Less than $50
32,https://www.tiktok.com/@leeyalyn_/video/7295134406631574802,Faceless,Sell Benefit,Review Feedback,0,Food Beverage,Less than $50
33,https://www.tiktok.com/@sofiaamarieylla/video/7303936211289197842,Show Face,Sell How To,Review Feedback,0,Food Beverage,Less than $50
34,https://www.tiktok.com/@tungss93/video/7302410754152566018,Show Face,Sell Benefit,Review Feedback,0,Food Beverage,Less than $50
35,https://www.tiktok.com/@nguyenhangvn2/video/7300190063525186818,Show Face,Sell Benefit,Review Feedback,0,Food Beverage,Less than $50
36,https://www.tiktok.com/@tramreview16/video/7246974474384444678,Show Face,Sell Benefit,Review Feedback,0,Home Appliances,Less than $50
37,https://www.tiktok.com/@tranminh.mld/video/7252365765041556742,Faceless,Sell Benefit,Review Feedback,0,Home Appliances,Less than $50
38,https://www.tiktok.com/@juliabelzaa/video/7303304101931027745,Faceless,Sell Benefit,Review Feedback,0,Clothing,Less than $50
39,https://www.tiktok.com/@juliabelzaa/video/7302887893494730016,Show Face,Sell Benefit,Review Feedback,0,Clothing,Less than $50
40,https://www.tiktok.com/@_mollymarsh_/video/7301369439914560800,Show Face,Sell Benefit,Review Feedback,0,Home Appliances,Less than $50
41,https://www.tiktok.com/@spencer.gra/video/7301647754055453985,Faceless,Sell How To,Review Feedback,0,Home Appliances,Less than $50
42,https://www.tiktok.com/@blendfrend/video/7304782534838111521,Faceless,Sell How To,Review Feedback,50,Home Appliances,Between $50 and $100
43,https://www.tiktok.com/@mellysaa.cancer/video/7272963664871820549,Show Face,Sell Benefit,Review Feedback,0,Beauty,Less than $50
44,https://www.tiktok.com/@elizatognue/video/7279289201772727558,Show Face,Sell Benefit,Review Feedback,0,Beauty,Less than $50
45,https://www.tiktok.com/@botare_official_store/video/7287211644546075922,Show Face,Sell Why,Review Feedback,0,Home Appliances,Less than $50
46,https://www.tiktok.com/@wardahbeauty_my/video/7280393482517187841,Show Face,Sell How To,Review Feedback,0,Beauty,Less than $50
47,https://www.tiktok.com/@aisyah_cahhh/video/7296654517943242002,Faceless,Sell Benefit,Review Feedback,50,Clothing,Between $50 and $100
48,https://www.tiktok.com/@unna97/video/7281993841526197505,Faceless,Sell Benefit,Review Feedback,50,Home Appliances,Between $50 and $100
49,https://www.tiktok.com/@bkfurnitures/video/7290178654284336391,Faceless,Sell Benefit,Review Feedback,50,Home Appliances,Between $50 and $100
50,https://www.tiktok.com/@sue_ahim/video/7285648182904737025,Faceless,Sell Why,Review Feedback,0,Home Appliances,Less than $50
51,https://www.tiktok.com/@manje___/video/7296348719664958738,Show Face,Sell How To,Review Feedback,0,Home Appliances,Less than $50
52,https://www.tiktok.com/@nor.sakina/video/7286658419614813447,Show Face,Sell Benefit,Review Feedback,0,Home Appliances,Less than $50
53,https://www.tiktok.com/@aina.frhana/video/7285299331970731266,Show Face,Sell How To,Question,0,Clothing,Less than $50
54,https://www.tiktok.com/@sue_ahim/video/7282059162819808513,Faceless,Sell Benefit,Review Feedback,0,Home Appliances,Less than $50
55,https://www.tiktok.com/@simplyhomez/video/7282746427661438216,Show Face,Sell Benefit,Review Feedback,100,Home Appliances,Between $100 and $150
56,https://www.tiktok.com/@simplyhomez/video/7283447663712865544,Faceless,Sell Benefit,Review Feedback,50,Home Appliances,Between $50 and $100
57,https://www.tiktok.com/@lyndalulla/video/7281869269846019329,Faceless,Sell Benefit,Review Feedback,0,Home Appliances,Less than $50
58,https://www.tiktok.com/@darshu_1472/video/7299276305739156743,Show Face,Sell Benefit,Review Feedback,50,Home Appliances,Between $50 and $100
59,https://www.tiktok.com/@ubrlifestyle/video/7297051293686795521,Faceless,Sell Benefit,Review Feedback,0,Home Appliances,Less than $50
60,https://www.tiktok.com/@nuranyzhayzrah.96/video/7283017236657245441,Show Face,Sell Benefit,Review Feedback,0,Home Appliances,Less than $50
61,https://www.tiktok.com/@mama.claxton/video/7303216793575853343,Show Face,Sell Why,Review Feedback,0,Beauty,Less than $50
62,https://www.tiktok.com/@thebeachwaver/video/7299700118436072746,Faceless,Sell Benefit,Review Feedback,0,Home Appliances,Less than $50
63,https://www.tiktok.com/@jordanlea90/video/7302156662213774622,Show Face,Sell Benefit,Review Feedback,0,Pet,Less than $50
64,https://www.tiktok.com/@jokergreeting/video/7302207223386705194,Show Face,Sell How To,Review Feedback,0,Home Appliances,Less than $50
65,https://www.tiktok.com/@quietlifebea/video/7296641529068866862,Faceless,Sell Why,Review Feedback,50,Clothing,Between $50 and $100
66,https://www.tiktok.com/@mrsmckennabarry/video/7302915218194140459,Faceless,Sell Why,Review Feedback,0,Pet,Less than $50
67,https://www.tiktok.com/@givethemgrace/video/7293536961757809950,Faceless,Sell How To,Review Feedback,0,Home Appliances,Less than $50
68,https://www.tiktok.com/@malinamcivor/video/7290547025077308718,Show Face,Sell How To,Review Feedback,0,Home Appliances,Less than $50
69,https://www.tiktok.com/@sherri1223/video/7303582385189408046,Show Face,Sell How To,Review Feedback,0,Beauty,Less than $50
70,https://www.tiktok.com/@rayslife_/video/7301515434958818603,Show Face,Sell Benefit,Review Feedback,0,Pet,Less than $50
71,https://www.tiktok.com/@thebeachwaver/video/7300326869235174699,Show Face,Sell How To,Review Feedback,50,Pet,Between $50 and $100
72,https://www.tiktok.com/@itsmekelsc/video/7303592304554741038,Show Face,Sell Benefit,Review Feedback,50,Pet,Between $50 and $100
73,https://www.tiktok.com/@international_bro/video/7303190345330855210,Faceless,Sell Benefit,Review Feedback,0,Home Appliances,Less than $50
74,https://www.tiktok.com/@37yroldgrandparents/video/7303691489933135150,Show Face,Sell How To,Review Feedback,0,Home Appliances,Less than $50
75,https://www.tiktok.com/@chrisgarage78/video/7301822632746339630,Faceless,Sell Benefit,Review Feedback,0,Home Appliances,Less than $50
76,https://www.tiktok.com/@hiddensteals/video/7284695050045361450,Faceless,Sell Benefit,Review Feedback,0,Home Appliances,Less than $50
77,https://www.tiktok.com/@redbeerd_builds/video/7304044288051039519,Show Face,Sell Why,Review Feedback,0,Home Appliances,Less than $50
78,https://www.tiktok.com/@stellarhealth/video/7302799957822672159,Faceless,Sell Why,Review Feedback,0,Health Wellness,Less than $50
79,https://www.tiktok.com/@adifishy/video/7302585365829815595,Show Face,Sell Benefit,Review Feedback,0,Home Appliances,Less than $50
80,https://www.tiktok.com/@simplysammyk/video/7303599242575121694,Show Face,Sell Benefit,Question,100,Home Appliances,Between $100 and $150
81,https://www.tiktok.com/@13ccc4lfr03/video/7296138830799834411,Show Face,Sell Benefit,Review Feedback,0,Home Appliances,Less than $50
82,https://www.tiktok.com/@craggygames/video/7296942706465541419,Show Face,Sell Benefit,Review Feedback,0,Home Appliances,Less than $50
83,https://www.tiktok.com/@danielleathena/video/7301419722480930090,Show Face,Sell How To,Review Feedback,50,Beauty,Between $50 and $100
84,https://www.tiktok.com/@lesliespamm0/video/7304046619111001387,Faceless,Sell Why,Review Feedback,0,Clothing,Less than $50
85,https://www.tiktok.com/@johnson770707/video/7285554258278206750,Faceless,Sell Benefit,Review Feedback,0,Clothing,Less than $50
86,https://www.tiktok.com/@quishealth/video/7284444817684401454,Faceless,Sell Benefit,Review Feedback,0,Health Wellness,Less than $50
87,https://www.tiktok.com/@insidethenout/video/7306160651410361643,Faceless,Sell Benefit,Review Feedback,0,Home Appliances,Less than $50
88,https://www.tiktok.com/@alexisjohnson1019/video/7304812867675491626,Show Face,Sell How To,Question,0,Clothing,Less than $50
89,https://www.tiktok.com/@chloeeleanorr/video/7297739263943232810,Faceless,Sell How To,Question,0,Home Appliances,Less than $50
90,https://www.tiktok.com/@tartecosmetics/video/7307344051991301418,Show Face,Sell Why,Question,0,Beauty,Less than $50
91,https://www.tiktok.com/@swaggybackupp/video/7303558671072611615,Show Face,Sell Benefit,Review Feedback,0,Beauty,Less than $50
92,https://www.tiktok.com/@stellarhealth/video/7303705015670017311,Faceless,Sell Benefit,Review Feedback,0,Health Wellness,Less than $50
93,https://www.tiktok.com/@wellnesswithlys/video/7297726130310761770,Show Face,Sell How To,Question,0,Beauty,Less than $50
94,https://www.tiktok.com/@pickledpeanutsh/video/7302997580684791070,Show Face,Sell Benefit,Review Feedback,0,Clothing,Less than $50
95,https://www.tiktok.com/@allure_fashion/video/7305586275824782623,Show Face,Sell Benefit,Review Feedback,0,Beauty,Less than $50
96,https://www.tiktok.com/@danielleathena/video/7305026744233250094,Show Face,Sell Benefit,Review Feedback,50,Beauty,Between $50 and $100
97,https://www.tiktok.com/@katie.beaupre/video/7285560031083334943,Show Face,Sell Why,Question,50,Beauty,Between $50 and $100
98,https://www.tiktok.com/@ugcemilyo/video/7302139997648473390,Show Face,Sell Benefit,Review Feedback,0,Home Appliances,Less than $50
99,https://www.tiktok.com/@makaela.renee/video/7302579135145053471,Show Face,Sell Why,Review Feedback,0,Clothing,Less than $50
100,https://www.tiktok.com/@sherri1223/video/7307682662582455598,Show Face,Sell How To,Review Feedback,0,Beauty,Less than $50
101,https://www.tiktok.com/@rachazzo/video/7301798161935256863,Show Face,Sell How To,Question,0,Clothing,Less than $50
102,https://www.tiktok.com/@margaret_kov/video/7302785318929927454,Show Face,Sell Why,Review Feedback,0,Beauty,Less than $50
103,https://www.tiktok.com/@allure_fashion/video/7300729943237872942,Show Face,Sell How To,Review Feedback,0,Clothing,Less than $50
104,https://www.tiktok.com/@metro.exe/video/7282916310223473966,Show Face,Sell Benefit,Review Feedback,0,Home Appliances,Less than $50
105,https://www.tiktok.com/@thefamilyduckup/video/7293734259649563950,Show Face,Sell Benefit,Review Feedback,0,Home Appliances,Less than $50
106,https://www.tiktok.com/@jesnerdingout/video/7304444835463777579,Faceless,Sell How To,Question,50,Home Appliances,Between $50 and $100
107,https://www.tiktok.com/@kymieann/video/7279865270733262122,Show Face,Sell Benefit,Question,0,Home Appliances,Less than $50
108,https://www.tiktok.com/@faithsummers_/video/7292165185714818346,Faceless,Sell Benefit,Review Feedback,0,Home Appliances,Less than $50
109,https://www.tiktok.com/@itstiffslife/video/7293285109271153963,Faceless,Sell Benefit,Review Feedback,0,Home Appliances,Less than $50
110,https://www.tiktok.com/@adifishy/video/7275109510036016430,Show Face,Sell Benefit,Review Feedback,0,Home Appliances,Less than $50
111,https://www.tiktok.com/@ariesismygod/video/7304015076363668778,Show Face,Sell Benefit,Review Feedback,0,Beauty,Less than $50
112,https://www.tiktok.com/@dollskill/video/7301509715052268843,Show Face,Sell Why,Review Feedback,0,Clothing,Less than $50
113,https://www.tiktok.com/@halessbalesss/video/7283158601982659883,Show Face,Sell Benefit,Question,0,Beauty,Less than $50
114,https://www.tiktok.com/@themaneattraction.lg/video/7308880627414207786,Show Face,Sell Benefit,Review Feedback,0,Beauty,Less than $50
115,https://www.tiktok.com/@themaneattraction.lg/video/7311130574259752235,Show Face,Sell Benefit,Question,0,Beauty,Less than $50
116,https://www.tiktok.com/@modernshaman/video/7296210706154851630,Show Face,Sell Benefit,Review Feedback,50,Health Wellness,Between $50 and $100
117,https://www.tiktok.com/@alisonistoxinfree/video/7296264377718672671,Show Face,Sell Benefit,Question,50,Health Wellness,Between $50 and $100
118,https://www.tiktok.com/@apositivemessage85/video/7296237228882169131,Faceless,Sell Benefit,Question,0,Health Wellness,Less than $50
119,https://www.tiktok.com/@tiktokwanderingmerchant/video/7301128276548996398,Faceless,Sell Benefit,Review Feedback,0,Health Wellness,Less than $50
120,https://www.tiktok.com/@stellarhealth/video/7304088000139414814,Show Face,Sell Benefit,Review Feedback,0,Health Wellness,Less than $50
121,https://www.tiktok.com/@superjuliet519/video/7301525784659758379,Show Face,Sell Benefit,Review Feedback,0,Health Wellness,Less than $50
122,https://www.tiktok.com/@daisycabral1/video/7305456898260733215,Show Face,Sell How To,Review Feedback,0,Health Wellness,Less than $50
123,https://www.tiktok.com/@ryse_supps/video/7301487946866101546,Show Face,Sell Why,Question,100,Health Wellness,Between $100 and $150
124,https://www.tiktok.com/@_keepingupwithmeee_/video/7295802538740157726,Show Face,Sell How To,Review Feedback,0,Health Wellness,Less than $50
125,https://www.tiktok.com/@ashleymaganaa_/video/7301227890077879598,Show Face,Sell Benefit,Question,0,Beauty,Less than $50
126,https://www.tiktok.com/@drchrispharmd/video/7286942667836034350,Faceless,Sell Benefit,Review Feedback,0,Health Wellness,Less than $50
127,https://www.tiktok.com/@therealamandayoung/video/7273931740203191595,Show Face,Sell Benefit,Review Feedback,0,Health Wellness,Less than $50
128,https://www.tiktok.com/@loganpolk.fit/video/7299273636958047518,Show Face,Sell How To,Question,0,Health Wellness,Less than $50
129,https://www.tiktok.com/@soy_yo_astrid/video/7290959144809549102,Show Face,Sell Benefit,Question,0,Health Wellness,Less than $50
130,https://www.tiktok.com/@davidso4/video/7297634815296245022,Show Face,Sell Why,Review Feedback,0,Health Wellness,Less than $50
131,https://www.tiktok.com/@ryse_supps/video/7299173517780618538,Show Face,Sell Why,Review Feedback,100,Health Wellness,Between $100 and $150
132,https://www.tiktok.com/@ryse_supps/video/7299604100377775406,Show Face,Sell Why,Question,100,Health Wellness,Between $100 and $150
133,https://www.tiktok.com/@jaylanefit/video/7302287923511086382,Show Face,Sell Benefit,Review Feedback,100,Health Wellness,Between $100 and $150
134,https://www.tiktok.com/@stellar.health/video/7300599540330106142,Faceless,Sell Benefit,Review Feedback,0,Health Wellness,Less than $50
135,https://www.tiktok.com/@kachi1k/video/7292272173085887786,Show Face,Sell How To,Question,0,Beauty,Less than $50
136,https://www.tiktok.com/@crashbrando7/video/7296872344176512302,Show Face,Sell Benefit,Review Feedback,0,Health Wellness,Less than $50
137,https://www.tiktok.com/@betterbrandhealth/video/7297361060670082347,Faceless,Sell Why,Review Feedback,0,Health Wellness,Less than $50
138,https://www.tiktok.com/@drchrispharmd/video/7290679716489710894,Show Face,Sell Benefit,Question,50,Health Wellness,Between $50 and $100
139,https://www.tiktok.com/@jordantheodore/video/7288063812752674090,Show Face,Sell Why,Review Feedback,100,Health Wellness,Between $100 and $150
140,https://www.tiktok.com/@dumbthic/video/7306374683677429034,Show Face,Sell Benefit,Review Feedback,50,Health Wellness,Between $50 and $100
141,https://www.tiktok.com/@quishealth/video/7292848882797595950,Show Face,Sell Benefit,Review Feedback,50,Health Wellness,Between $50 and $100
142,https://www.tiktok.com/@vidavictoriaoficial/video/7297652498188356906,Show Face,Sell Benefit,Review Feedback,0,Health Wellness,Less than $50
143,https://www.tiktok.com/@mexicanbarbie1/video/7283924471637986603,Show Face,Sell Why,Question,0,Health Wellness,Less than $50
144,https://www.tiktok.com/@dumbthic/video/7301548674063027498,Show Face,Sell Benefit,Question,50,Health Wellness,Between $50 and $100
145,https://www.tiktok.com/@mexicanbarbie1/video/7300993053521710379,Show Face,Sell Benefit,Question,0,Health Wellness,Less than $50
146,https://www.tiktok.com/@ryse_supps/video/7303610339675966762,Show Face,Sell Benefit,Review Feedback,50,Health Wellness,Between $50 and $100
147,https://www.tiktok.com/@baxter_fit/video/7301120510455418158,Show Face,Sell Why,Question,50,Health Wellness,Between $50 and $100
148,https://www.tiktok.com/@mexicanbarbie1/video/7300220208495611178,Show Face,Sell Benefit,Review Feedback,0,Beauty,Less than $50
149,https://www.tiktok.com/@smiley_kylie444/video/7294411044452125994,Show Face,Sell Why,Question,50,Health Wellness,Between $50 and $100
150,https://www.tiktok.com/@kikevillaloboscal/video/7299611809986792746,Show Face,Sell Benefit,Question,0,Health Wellness,Less than $50
151,https://www.tiktok.com/@lopeztips/video/7305978944669502766,Show Face,Sell Benefit,Question,0,Health Wellness,Less than $50
152,https://www.tiktok.com/@yanlock_zl/video/7291209574097407234,Show Face,Sell How To,Review Feedback,0,Home Appliances,Less than $50
153,https://www.tiktok.com/@selenagomehh/video/7302015789652118786,Faceless,Sell Benefit,Question,0,Beauty,Less than $50
154,https://www.tiktok.com/@elynasyar/video/7306516714290760961,Show Face,Sell Benefit,Review Feedback,0,Clothing,Less than $50
155,https://www.tiktok.com/@mokdeleha/video/7292759746971454722,Show Face,Sell Benefit,Review Feedback,0,Home Appliances,Less than $50
156,https://www.tiktok.com/@diyhomie/video/7261527390109633793,Show Face,Sell Benefit,Review Feedback,0,Home Appliances,Less than $50
157,https://www.tiktok.com/@diyhomie/video/7286386451380473096,Show Face,Sell Benefit,Review Feedback,0,Home Appliances,Less than $50
158,https://www.tiktok.com/@dapur_zakiah05/video/7304083631620902145,Show Face,Sell How To,Question,0,Home Appliances,Less than $50
159,https://www.tiktok.com/@lifestylehouse67/video/7296833428438240514,Show Face,Sell Benefit,Review Feedback,0,Home Appliances,Less than $50
160,https://www.tiktok.com/@diyhomie/video/7294775851172859143,Show Face,Sell How To,Review Feedback,0,Home Appliances,Less than $50
161,https://www.tiktok.com/@tehafateha_hennamelaka/video/7297555664262532360,Faceless,Sell How To,Review Feedback,0,Beauty,Less than $50
162,https://www.tiktok.com/@dessini_malaysia/video/7287033033578777857,Show Face,Sell Benefit,Review Feedback,50,Home Appliances,Between $50 and $100
163,https://www.tiktok.com/@tangsiewsiang/video/7297050101627784466,Show Face,Sell Benefit,Review Feedback,50,Home Appliances,Between $50 and $100
164,https://www.tiktok.com/@anaszahrin/video/7297436570632736001,Faceless,Sell How To,Question,0,Beauty,Less than $50
165,https://www.tiktok.com/@nynabukater/video/7296467628426611986,Show Face,Sell Benefit,Question,0,Beauty,Less than $50
166,https://www.tiktok.com/@anaszahrin/video/7304534422492138753,Faceless,Sell Why,Review Feedback,0,Beauty,Less than $50
167,https://www.tiktok.com/@brikhasha01/video/7290519906011991297,Faceless,Sell Benefit,Review Feedback,0,Beauty,Less than $50
168,https://www.tiktok.com/@klikbegkuning/video/7297908987335396609,Faceless,Sell How To,Review Feedback,0,Home Appliances,Less than $50
169,https://www.tiktok.com/@quemandagae/video/7292693919614110978,Show Face,Sell Benefit,Review Feedback,0,Home Appliances,Less than $50
170,https://www.tiktok.com/@leezdeluna/video/7297019164718304519,Faceless,Sell Benefit,Review Feedback,0,Home Appliances,Less than $50
171,https://www.tiktok.com/@amf.ain/video/7286113085004270855,Show Face,Sell Benefit,Review Feedback,0,Beauty,Less than $50
172,https://www.tiktok.com/@justmiinees/video/7283579805075819777,Show Face,Sell Benefit,Review Feedback,0,Beauty,Less than $50
173,https://www.tiktok.com/@najeehahhq/video/7281947233048694023,Show Face,Sell Benefit,Review Feedback,0,Pet,Less than $50
174,https://www.tiktok.com/@kaknurulrx/video/7289018317170298114,Faceless,Sell Benefit,Review Feedback,50,Health Wellness,Between $50 and $100
175,https://www.tiktok.com/@jieman22/video/7284459388625014017,Show Face,Sell Benefit,Review Feedback,0,Health Wellness,Less than $50
176,https://www.tiktok.com/@kitsuimalaysia/video/7292981772432854274,Faceless,Sell Why,Review Feedback,0,Health Wellness,Less than $50
177,https://www.tiktok.com/@adilinahmad/video/7299770989481577736,Show Face,Sell Benefit,Review Feedback,0,Health Wellness,Less than $50
178,https://www.tiktok.com/@pharmacistjanet/video/7284515022531792146,Show Face,Sell How To,Question,50,Health Wellness,Between $50 and $100
179,https://www.tiktok.com/@srima_7/video/7304975582943628546,Faceless,Sell How To,Question,50,Health Wellness,Between $50 and $100
180,https://www.tiktok.com/@kak_jura_magika/video/7295569483970710791,Show Face,Sell Why,Review Feedback,50,Health Wellness,Between $50 and $100
181,https://www.tiktok.com/@adilinahmad/video/7269984283605994770,Show Face,Sell Benefit,Question,0,Health Wellness,Less than $50
182,https://www.tiktok.com/@pharmacistariff/video/7303047797207518471,Show Face,Sell How To,Question,50,Health Wellness,Between $50 and $100
183,https://www.tiktok.com/@abangjohempedurimba/video/7298562806599683335,Show Face,Sell Benefit,Review Feedback,0,Health Wellness,Less than $50
184,https://www.tiktok.com/@hn_shop75/video/7288488677561355521,Show Face,Sell Benefit,Question,0,Beauty,Less than $50
185,https://www.tiktok.com/@hafle.hs/video/7291945870390512897,Show Face,Sell Why,Review Feedback,0,Beauty,Less than $50
186,https://www.tiktok.com/@izzahtulatirah/video/7282774078086221063,Faceless,Sell Why,Review Feedback,0,Beauty,Less than $50
187,https://www.tiktok.com/@garniermy/video/7272633350098046226,Faceless,Sell Benefit,Review Feedback,0,Beauty,Less than $50
188,https://www.tiktok.com/@bleedt1tz2/video/7293746537190919426,Show Face,Sell How To,Question,0,Beauty,Less than $50
189,https://www.tiktok.com/@mommy.fatin/video/7302326170467470610,Show Face,Sell How To,Question,0,Beauty,Less than $50
190,https://www.tiktok.com/@chekja2/video/7286392933140466945,Show Face,Sell Benefit,Review Feedback,0,Beauty,Less than $50
191,https://www.tiktok.com/@youbeauty_my/video/7303872225352961298,Show Face,Sell Benefit,Review Feedback,0,Beauty,Less than $50
192,https://www.tiktok.com/@mommy.fatin/video/7297800152427875602,Show Face,Sell Benefit,Review Feedback,0,Beauty,Less than $50
193,https://www.tiktok.com/@faa4sh/video/7293152009954266369,Show Face,Sell Benefit,Review Feedback,0,Beauty,Less than $50
194,https://www.tiktok.com/@eminacosmeticsmy/video/7293524073097760002,Show Face,Sell Benefit,Review Feedback,0,Beauty,Less than $50
195,https://www.tiktok.com/@aredam87/video/7293977468237597960,Faceless,Sell Benefit,Question,0,Beauty,Less than $50
196,https://www.tiktok.com/@fatihahyusup/video/7289398985301724418,Show Face,Sell How To,Question,0,Beauty,Less than $50
197,https://www.tiktok.com/@oriperfumetopsale/video/7291685622203288850,Show Face,Sell Benefit,Review Feedback,50,Home Appliances,Between $50 and $100
198,https://www.tiktok.com/@lizasaid8/video/7296032944647556354,Show Face,Sell Benefit,Review Feedback,0,Clothing,Less than $50
199,https://www.tiktok.com/@shafarhan28/video/7298894858771500295,Show Face,Sell Benefit,Review Feedback,0,Pet,Less than $50
200,https://www.tiktok.com/@iamtraeh/video/7294794104888773930,Faceless,Sell How To,Review Feedback,0,Beauty,Less than $50
201,https://www.tiktok.com/@red_rapunzell/video/7288501985903430942,Show Face,Sell How To,Review Feedback,0,Beauty,Less than $50
202,https://www.tiktok.com/@rayslife_/video/7301515434958818603,Show Face,Sell Benefit,Review Feedback,0,Beauty,Less than $50
203,https://www.tiktok.com/@pandoramonrose/video/7286506134431599914,Show Face,Sell Benefit,Question,0,Beauty,Less than $50
204,https://www.tiktok.com/@mo__styles/video/7301371700262800682,Show Face,Sell Why,Question,0,Beauty,Less than $50
205,https://www.tiktok.com/@desiredestinyxo/video/7300225303283125550,Show Face,Sell Benefit,Question,0,Beauty,Less than $50
206,https://www.tiktok.com/@michellelong_tx/video/7287410505478655262,Show Face,Sell Benefit,Question,0,Beauty,Less than $50
207,https://www.tiktok.com/@cassidymariehair/video/7295893760129518891,Show Face,Sell Benefit,Review Feedback,0,Beauty,Less than $50
208,https://www.tiktok.com/@chatyahb/video/7293319031405186350,Show Face,Sell Benefit,Review Feedback,0,Beauty,Less than $50
209,https://www.tiktok.com/@daesharena/video/7294013139182521643,Show Face,Sell Benefit,Review Feedback,0,Beauty,Less than $50
210,https://www.tiktok.com/@zionkuwonu/video/7294713874257923370,Show Face,Sell Why,Question,0,Beauty,Less than $50
211,https://www.tiktok.com/@cristina.noh/video/7283156745793391914,Show Face,Sell How To,Question,50,Beauty,Between $50 and $100
212,https://www.tiktok.com/@earthenchild/video/7287290633264319787,Show Face,Sell How To,Question,0,Beauty,Less than $50
213,https://www.tiktok.com/@lilred_diamond3/video/7289970442863938859,Show Face,Sell Benefit,Review Feedback,0,Beauty,Less than $50
214,https://www.tiktok.com/@zionkuwonu/video/7280694834350853419,Show Face,Sell How To,Question,50,Beauty,Between $50 and $100
215,https://www.tiktok.com/@thecopperelm/video/7297010712176708910,Show Face,Sell Why,Review Feedback,0,Beauty,Less than $50
216,https://www.tiktok.com/@mommy.fatin/video/7280420660915064082,Faceless,Sell Benefit,Review Feedback,0,Beauty,Less than $50
217,https://www.tiktok.com/@nynabukater1/video/7287214581842185473,Show Face,Sell Benefit,Review Feedback,0,Beauty,Less than $50
218,https://www.tiktok.com/@iezun/video/7281577591893396738,Faceless,Sell Why,Question,0,Beauty,Less than $50
219,https://www.tiktok.com/@nayce.store/video/7281483873014353160,Faceless,Sell Benefit,Review Feedback,0,Beauty,Less than $50
220,https://www.tiktok.com/@nurul_melaka/video/7281596876128800007,Faceless,Sell Benefit,Review Feedback,0,Beauty,Less than $50
221,https://www.tiktok.com/@mommy.fatin/video/7297800152427875602,Faceless,Sell How To,Review Feedback,0,Beauty,Less than $50
222,https://www.tiktok.com/@rosejefree/video/7295577019759250706,Faceless,Sell Benefit,Review Feedback,0,Health Wellness,Less than $50
223,https://www.tiktok.com/@amiza1985/video/7292676949762215176,Show Face,Sell Benefit,Review Feedback,0,Health Wellness,Less than $50
224,https://www.tiktok.com/@iidaazhari/video/7287369551828864264,Show Face,Sell Benefit,Question,0,Health Wellness,Less than $50
225,https://www.tiktok.com/@amiza1985/video/7294471113856371976,Show Face,Sell How To,Question,0,Health Wellness,Less than $50
226,https://www.tiktok.com/@rabiahanims/video/7285576767702666504,Faceless,Sell Benefit,Review Feedback,0,Food Beverage,Less than $50
227,https://www.tiktok.com/@sayaaminlah/video/7302404089978064135,Faceless,Sell Benefit,Review Feedback,0,Pet,Less than $50
228,https://www.tiktok.com/@sayyida_sahadan/video/7305373745324068114,Faceless,Sell Benefit,Review Feedback,0,Pet,Less than $50
229,https://www.tiktok.com/@mnr45395zsf/video/7303455409019424001,Faceless,Sell Benefit,Review Feedback,0,Pet,Less than $50
230,https://www.tiktok.com/@anieymelor84/video/7302006007889153281,Faceless,Sell Benefit,Review Feedback,0,Pet,Less than $50
231,https://www.tiktok.com/@khailerrrrr/video/7297188152458988807,Faceless,Sell Benefit,Review Feedback,0,Food Beverage,Less than $50
232,https://www.tiktok.com/@mamasempoi_/video/7295986222457982210,Show Face,Sell Benefit,Review Feedback,0,Home Appliances,Less than $50
233,https://www.tiktok.com/@cikstrawberrycomel/video/7292359623615466760,Faceless,Sell Benefit,Review Feedback,0,Home Appliances,Less than $50
234,https://www.tiktok.com/@nynabukater/video/7285669629932883208,Show Face,Sell Benefit,Review Feedback,0,Home Appliances,Less than $50
235,https://www.tiktok.com/@rajes21ar/video/7298575956204064008,Show Face,Sell Benefit,Review Feedback,0,Home Appliances,Less than $50
236,https://www.tiktok.com/@rabiahanims/video/7280484560553381127,Faceless,Sell How To,Question,0,Home Appliances,Less than $50
237,https://www.tiktok.com/@cikmieraamiera/video/7304183582346530066,Show Face,Sell Benefit,Review Feedback,0,Clothing,Less than $50
238,https://www.tiktok.com/@erica14perez/video/7291798913177144622,Show Face,Sell Why,Review Feedback,0,Home Appliances,Less than $50
239,https://www.tiktok.com/@chloeskya/video/7284285466994593054,Show Face,Sell Why,Question,50,Home Appliances,Between $50 and $100
240,https://www.tiktok.com/@ariesismygod/video/7304015076363668778,Show Face,Sell How To,Review Feedback,50,Home Appliances,Between $50 and $100
241,https://www.tiktok.com/@malinamcivor/video/7290547025077308718,Show Face,Sell How To,Question,0,Home Appliances,Less than $50
242,https://www.tiktok.com/@itsmekelsc/video/7303592304554741038,Show Face,Sell Benefit,Review Feedback,0,Clothing,Less than $50
243,https://www.tiktok.com/@itstiffslife/video/7304705724180057390,Show Face,Sell Benefit,Review Feedback,0,Clothing,Less than $50
244,https://www.tiktok.com/@influencedqueens/video/7306244317062909215,Show Face,Sell How To,Question,0,Clothing,Less than $50
245,https://www.tiktok.com/@mustbenikkiv/video/7298144295515622699,Show Face,Sell How To,Review Feedback,0,Clothing,Less than $50
246,https://www.tiktok.com/@lacoronel90/video/7290629306059869486,Show Face,Sell Benefit,Review Feedback,0,Home Appliances,Less than $50
247,https://www.tiktok.com/@thejadawynter/video/7289663348877085998,Show Face,Sell Benefit,Review Feedback,0,Home Appliances,Less than $50
248,https://www.tiktok.com/@sabrina_on_mounjaro/video/7307447237032971566,Show Face,Sell Benefit,Review Feedback,0,Home Appliances,Less than $50
249,https://www.tiktok.com/@ellacaggfitness/video/7301109951324458286,Faceless,Sell Benefit,Review Feedback,0,Home Appliances,Less than $50
250,https://www.tiktok.com/@sm0kinthiszaza/video/7303074171800587563,Show Face,Sell Benefit,Review Feedback,0,Home Appliances,Less than $50
251,https://www.tiktok.com/@janeybonbon/video/7299136507862961451,Show Face,Sell Benefit,Review Feedback,0,Home Appliances,Less than $50
